Subject,Crate Name,Code Quality Score,Optimization Opportunities,Dependency Issues,Documentation Gaps,Testing Recommendations,API Improvements,Deduplication Potential,Production Readiness,Priority Level,Error
abi,,,,,,,,,,,The specified crate path '/home/ubuntu/workspace/.projects/noa_ark_os/repos/task_exec_kit_Rust/crates/abi' does not exist in the sandbox environment. Unable to proceed with the analysis.
agent-platform,,,,,,,,,,,"Could not locate the 'agent-platform' crate or the 'task_exec_kit_Rust' repository in the sandbox environment. The provided path '/home/ubuntu/workspace/.projects/noa_ark_os/repos/task_exec_kit_Rust/crates/agent-platform' does not exist, and a broader search for the repository or Cargo.toml files was unsuccessful. Please ensure the project is correctly set up in the sandbox or provide the correct path."
agents,,,,,,,,,,,The specified crate 'agents' at '/home/ubuntu/workspace/.projects/noa_ark_os/repos/task_exec_kit_Rust/crates/agents' could not be found in the sandbox environment. Unable to proceed with the analysis.
ai-integration,,,,,,,,,,,Could not locate the specified crate 'ai-integration' at the provided path or anywhere in the file system. The project 'noa_ark_os' or 'task_exec_kit_Rust' does not appear to be present in the sandbox environment. Please ensure the project is correctly set up or provide instructions for its setup.
autonomous,,,,,,,,,,,"The specified crate path 
`/home/ubuntu/workspace/.projects/noa_ark_os/repos/task_exec_kit_Rust/crates/autonomous`
 could not be found. Please provide the correct path to the crate."
cli,,,,,,,,,,,"The specified crate path `/home/ubuntu/workspace/.projects/noa_ark_os/repos/task_exec_kit_Rust/crates/cli` does not exist. I was unable to locate the `task_exec_kit_Rust` directory within the provided filesystem, and therefore cannot continue with the analysis."
effects-file,,,,,,,,,,,"The specified crate 'effects-file' within the 'task_exec_kit_Rust' workspace could not be located in the sandbox environment. The provided path '/home/ubuntu/workspace/.projects/noa_ark_os/repos/task_exec_kit_Rust/crates/effects-file' does not exist, and attempts to find the project or its components were unsuccessful. Please ensure the project is correctly placed in the sandbox or provide the correct path."
effects-net,,,,,,,,,,,"The specified crate path 
`/home/ubuntu/workspace/.projects/noa_ark_os/repos/task_exec_kit_Rust/crates/effects-net`
could not be found in the sandbox environment. Please ensure the project files are correctly placed or provide the correct path."
effects-process,,,,,,,,,,,The specified crate 'effects-process' within the 'task_exec_kit_Rust' workspace could not be located in the sandbox environment. All attempts to find the project directory or its repository were unsuccessful.
kernel,,,,,,,,,,,The specified crate 'kernel' within the 'task_exec_kit_Rust' workspace could not be located at the provided path or anywhere in the sandbox environment. It is likely that the project files are not present in the environment.
ml-engine,ml-engine,8,"1. **Parallel Processing**: The `data_processing::preprocess` and `model_inference::predict` functions currently operate sequentially. For large datasets, these operations can be parallelized using Rust's concurrency primitives (e.g., `rayon` crate for data parallelism) or by leveraging GPU acceleration if a suitable ML framework is integrated. 2. **Numerical Efficiency**: Replace basic `Vec<f32>` operations with optimized numerical libraries like `ndarray` for potentially significant performance gains, especially for matrix operations common in ML. 3. **Memory Management**: For very large models or datasets, consider optimizing memory usage by exploring techniques like memory-mapped files or more efficient data structures. 4. **Model Quantization/Pruning**: If using external models, investigate techniques like model quantization or pruning to reduce model size and inference time, especially for deployment on resource-constrained environments.","The `ml-engine` crate currently has no external dependencies beyond the standard library. This is good for minimizing supply chain risks and build times. However, for real-world ML tasks, external crates for numerical operations (e.g., `ndarray`), advanced linear algebra, or specific ML frameworks (e.g., `tch-rs` for PyTorch bindings, `candle-core`) will be necessary. Recommendations: 1. Introduce `ndarray` for efficient numerical computations. 2. Evaluate and integrate a suitable ML framework for actual model loading and execution, considering `candle-core` or `burn` based on project needs. 3. Ensure any new dependencies are carefully chosen for performance, maintenance, and compatibility.","Initial documentation was minimal. Comprehensive module-level and function-level documentation has been added to `lib.rs`, `data_processing.rs`, and `model_inference.rs`. This includes explanations of purpose, arguments, and return values. Further improvements could include: 1. Adding usage examples directly in the documentation for key functions. 2. Providing a `README.md` in the crate root with a high-level overview, installation instructions, and basic examples. 3. Including architectural decisions or design patterns in a separate `ARCHITECTURE.md` if the crate grows in complexity.","1. **Unit Tests**: Existing unit tests cover basic functionality. Expand test cases to include edge cases (e.g., empty input vectors, very large numbers, specific model behaviors). 2. **Integration Tests**: Add integration tests to verify the `process_and_infer` pipeline end-to-end, ensuring `data_processing` and `model_inference` modules interact correctly. 3. **Property-Based Testing**: Consider using property-based testing (e.g., `proptest` crate) for functions like `preprocess` and `normalize` to test a wider range of inputs automatically. 4. **Benchmarking Tests**: Implement performance benchmarks to measure and track the execution time of critical functions. 5. **Fuzz Testing**: For robustness, especially if parsing complex data formats or interacting with external systems, consider fuzz testing.","The current API is functional but basic. Consider adding more granular control over preprocessing steps (e.g., configurable normalization methods, feature scaling options). Implement a builder pattern for `process_and_infer` to allow for more flexible pipeline construction. Introduce error handling for model loading and inference failures.","Currently, the crate is self-contained with minimal functionality. As the project grows, common data structures, utility functions, or ML model interfaces might emerge across different crates within the `task_exec_kit_Rust` workspace. These could be extracted into a shared `utils` or `common-ml` crate to avoid duplication.","1. **Robust Error Handling**: The current implementation uses `println!` for logging. In a production environment, a structured logging solution (e.g., `tracing` or `log` crates) should be integrated. Critical operations like model loading and data processing should return `Result` types to handle errors gracefully. 2. **Configuration Management**: Model paths, preprocessing parameters, and other configurable aspects should be managed externally (e.g., via environment variables, configuration files, or a dedicated configuration crate) rather than hardcoded. 3. **Performance Benchmarking**: Establish a suite of benchmarks (e.g., using `criterion` crate) to track performance metrics and prevent regressions. 4. **Resource Management**: Implement proper resource cleanup for loaded models or allocated memory. 5. **Security Audits**: For sensitive applications, conduct security audits, especially if dealing with external data or models.",MEDIUM,
orchestration,,,,,,,,,,,The specified crate path '/home/ubuntu/workspace/.projects/noa_ark_os/repos/task_exec_kit_Rust/crates/orchestration' could not be found in the sandbox environment. Please ensure the repository is correctly placed or provide the correct path.
planner,,,,,,,,,,,The specified crate path '/home/ubuntu/workspace/.projects/noa_ark_os/repos/task_exec_kit_Rust/crates/planner' does not exist in the sandbox environment. Unable to proceed with analysis.
runner,,,,,,,,,,,The specified crate 'runner' within the 'task_exec_kit_Rust' workspace could not be located in the provided path '/home/ubuntu/workspace/.projects/noa_ark_os/repos/task_exec_kit_Rust/crates/runner'. Attempts to find the project directory or any Cargo.toml files within the sandbox environment were unsuccessful. Please provide the correct path to the workspace or the GitHub repository URL for 'task_exec_kit_Rust' so it can be cloned and analyzed.
telemetry,telemetry,7,"1. **Performance**: The current `println!` calls are synchronous and can introduce overhead. For high-throughput scenarios, consider asynchronous logging, buffering events, or using a dedicated telemetry system that processes events off the main thread.
2. **Configuration**: Implement a configuration system (e.g., using `serde` and a config file) to allow dynamic adjustment of telemetry behavior (e.g., enabling/disabling specific event types, changing output destinations) without recompilation.
3. **Structured Logging**: Instead of simple strings, use structured logging (e.g., `tracing` crate) to capture rich, queryable event data.","No external dependencies are currently declared. If external libraries are introduced for advanced telemetry features (e.g., `tracing`, `log`, `metrics`), ensure they are well-maintained, have minimal overhead, and are compatible with the overall project's licensing.","The `lib.rs` file contains only basic comments. Comprehensive documentation is needed for:
- Crate-level explanation of purpose and usage.
- Detailed explanations for `record_event` and `init_telemetry` functions, including parameters, return values, and potential side effects.
- Examples of how to integrate and use the telemetry crate in other parts of the application.
- `README.md` with setup instructions, examples, and contribution guidelines.","Currently, there are no tests. Recommendations include:
- **Unit Tests**: Write unit tests for `record_event` and `init_telemetry` to verify their basic functionality and ensure they don't panic.
- **Integration Tests**: Test the interaction of the telemetry crate with other parts of the application or external telemetry systems.
- **Performance Benchmarks**: Use `criterion.rs` or similar tools to benchmark the performance impact of telemetry operations, especially under load.
- **Property-based Testing**: For complex event structures or filtering logic, consider property-based testing with `proptest`.","The current API is very basic. Consider adding more granular control over event data, support for different telemetry backends (e.g., file, network, specific services), and a more robust error handling mechanism. Implement a builder pattern for event creation to improve readability and extensibility.","Given the simplicity of the current crate, there's no immediate deduplication potential. However, if similar logging or event-tracking functionality exists in other crates within the workspace, consider consolidating or abstracting common interfaces.","The current crate is a placeholder and not production-ready. Key areas to address:
- **Robustness**: Implement proper error handling instead of `println!`. What happens if telemetry fails?
- **Configuration**: Externalize configuration for different environments.
- **Security**: If sensitive data is involved, ensure proper sanitization and secure transmission.
- **Scalability**: Design for potential high event volumes and concurrent access.
- **Observability**: Integrate with monitoring and alerting systems.",MEDIUM,
